﻿<?xml version="1.0" encoding="utf-8" ?>
<objects xmlns="http://www.springframework.net" xmlns:db="http://www.springframework.net/database">

	<!--<object type="Spring.Aop.Framework.ProxyFactoryObject">
		<property name="IsSingleton" value="false" />
		<property name="ProxyTargetType" value="true"/>
		<property name="Target">
					<object type="MusicCompany.ServiceLayer.CommandHandlers.CreatePersonCommandHandler" singleton="false" autowire="byType" />		
		</property>
		--><!--<property name="InterceptorNames">
			<list>
				<value>TransactionAdvisor</value>
			</list>
		</property>--><!--
	</object>-->

	<!--controllers-->
	<object id="AboutController" type="MusicCompany.Website.Controllers.AboutController" singleton="false" autowire="byType"/>
	<object id="AccountController" type="MusicCompany.Website.Controllers.AccountController" singleton="false" autowire="byType" />
	<object id="ArtistController" type="MusicCompany.Website.Controllers.ArtistController" singleton="false" autowire="byType" >
		<property name="PageSize" value="20" />
		<property name="ProfilePictureWidth" value="200" />
	</object>
	<object id="AudioWorkController" type="MusicCompany.Website.Controllers.AudioWorkController" singleton="false" autowire="byType" />
	<object id="ChartsController" type="MusicCompany.Website.Controllers.ChartsController" singleton="false" autowire="byType" />
	<object id="CollectionWorkController" type="MusicCompany.Website.Controllers.CollectionWorkController" singleton="false" autowire="byType" />
	<object id="CommentsController" type="MusicCompany.Website.Controllers.CommentsController" singleton="false" autowire="byType">
		<property name="PageSize" value="5" />
	</object>
	<object id="HomeController" type="MusicCompany.Website.Controllers.HomeController" singleton="false" autowire="byType">
		<property name="MostPopularCount" value="3" />
		<property name="NewReleasesCount" value="3" />
	</object>
	<object id="ImageController" type="MusicCompany.Website.Controllers.ImageController" singleton="false" autowire="byType">
		<property name="ImageFileCachePath" value="~/ImageFileCache" />
		<property name="MaxAllowedWidth" value="500" />
		<property name="DefaultCollectionImage" value="~/Content/DefaultCollection.png" />
		<property name="DefaultArtistImage" value="~/Content/DefaultArtist.png" />
		<property name="DefaultPersonImage" value="~/Content/DefaultPerson.png" />
	</object>
	<object id="ImageWorkController" type="MusicCompany.Website.Controllers.ImageWorkController" singleton="false" autowire="byType" />

		<object id="MusicController" type="MusicCompany.Website.Controllers.MusicController" singleton="false" autowire="byType">
		<property name="PageSize" value="5" />
	</object>
	<object id="PersonController" type="MusicCompany.Website.Controllers.PersonController" singleton="false" autowire="byType">
		<property name="WorksPageSize" value="5" />
	</object>
	<object id="YourMusicController" type="MusicCompany.Website.Controllers.YourMusicController" singleton="false" autowire="byType">
		<property name="WorkActivityPageSize" value="5" />
	</object>
	<object id="StreamController" type="MusicCompany.Website.Controllers.StreamController" singleton="false" autowire="byType" />
	<object id="UserAdministrationController" type="MusicCompany.Website.Controllers.UserAdministrationController" singleton="false" autowire="byType">
		<property name="PageSize" value="10" />
		<property name="ResetPasswordBody" value="Your new password is: " />
		<property name="ResetPasswordFromAddress" value="user.services@mushmud.com.com" />
		<property name="ResetPasswordSubject" value="Your New Password" />
	</object>
	
	<object id="WorksController" type="MusicCompany.Website.Controllers.WorksController" singleton="false" autowire="byType" />

	<!--factories-->
	<object id="IAudioFileInfoFactory" type="MusicCompany.Core.Factories.AudioFileInfoFactory, MusicCompany.Core" autowire="byType">
		<property name="WorkingDirectory">
				<object type="MusicCompany.Infrastructure.WebServerFilePath, MusicCompany.Infrastructure">
					<property name="VirtualPath" value="~/AudioFileCache"/>
				</object>
		</property>
	</object>
	<object id="IImageFileInfoFactory" type="MusicCompany.Core.Factories.ImageFileInfoFactory, MusicCompany.Core" autowire="byType" />

	<!-- services -->
	<object id="IFlacStreamService" type="MusicCompany.Core.Services.AudioConversion.FlacBoxFlacStreamService, MusicCompany.Core.Services.AudioConversion" autowire="byType" />
	<object id="IImageProcessingService" type="MusicCompany.Core.Services.ImageProcessing.ImageProcessingService, MusicCompany.Core" autowire="byType" />
	<object id="IMP3StreamService" type="MusicCompany.Core.Services.AudioConversion.LameMP3StreamService, MusicCompany.Core.Services.AudioConversion" autowire="byType" />
	<object id="ITorrentFileService" type="MusicCompany.Core.Services.Torrent.MonoTorrentService, MusicCompany.Core.Services.Torrent" autowire="byType">
		<property name="AnnounceUrl" value="http://MushMud.com/Torrents/Announce" />
		<property name="SourcePath">
			<object type="MusicCompany.Infrastructure.WebServerFilePath, MusicCompany.Infrastructure">
				<property name="VirtualPath" value="~/TorrentFileCache"/>
			</object>
		</property>
		<property name="Publisher" value="MushMud.com" />
		<property name="PublisherUrl" value="http://www.MushMud.com" />
		<property name="Comment" value="MushMud.com is a music sharing community featuring free and legal music downloads" />
		<property name="CreatedBy" value="http://www.MushMud.com" />
	</object>
	<object id="ITagService" type="MusicCompany.Core.Services.TagService, MusicCompany.Core" autowire="byType" />
	<object id="IWaveStreamService" type="MusicCompany.Core.Services.AudioConversion.WaveStreamService,MusicCompany.Core.Services.AudioConversion" autowire="byType" />
	<object id="IZipFileService" type="MusicCompany.Core.Services.Zipping.DotNetZipFileService,MusicCompany.Core.Services.Zipping" autowire="byType" />

	<!-- data -->
	<object type="Spring.Objects.Factory.Config.PropertyPlaceholderConfigurer, Spring.Core">
		<property name="ConfigSections" value="databaseSettings"/>
	</object>

	<db:provider
	  id="DbProvider"
	  provider="SqlServer-1.1"
	  connectionString="Data Source=${db.DataSource};Database=${db.Database};uid=${db.Username};pwd=${db.Password};Application Name=${db.ApplicationName};" />

	<object id="SessionFactory" type="Spring.Data.NHibernate.LocalSessionFactoryObject, Spring.Data.NHibernate21">
		<property name="DbProvider" ref="DbProvider"/>
		<property name="MappingAssemblies">
			<list>
				<value>MusicCompany.Core.NHib</value>
				<value>MusicCompany.Common.NHib</value>
			</list>
		</property>
		<property name="HibernateProperties">
			<dictionary>
				<entry key="connection.provider" value="NHibernate.Connection.DriverConnectionProvider"/>
				<entry key="dialect" value="NHibernate.Dialect.MsSql2005Dialect"/>
				<entry key="connection.driver_class" value="NHibernate.Driver.SqlClientDriver"/>
				<entry key="current_session_context_class" value="Spring.Data.NHibernate.SpringSessionContext, Spring.Data.NHibernate21"/>
				<entry key="show_sql" value="false"/>
				<entry key="proxyfactory.factory_class" value="NHibernate.ByteCode.Spring.ProxyFactoryFactory, NHibernate.ByteCode.Spring"/>
			</dictionary>
		</property>
	</object>

</objects>